Handle,Title,Body (HTML),Vendor,Product Category,Product Type,Tags,Option1 Name,Option1 Value,Option2 Name,Option2 Value,Variant SKU,Variant Price,Compare At Price,Image Src,Published,Variant Inventory Tracker,Variant Inventory Qty,Variant Inventory Policy,Variant Fulfillment Service,Variant Requires Shipping,Variant Taxable,Gift Card,SEO Title,SEO Description,Status
Tênis Prada Milano Chunky Sneaker Blogueira,Tênis Prada Milano Chunky Sneaker Blogueira,Descrição<br><br><br>Tênis Prada Milano Chunky Sneaker Blogueira<br><br><br>Tênis Prada Milano Chunky Sneaker Blogueira<br><br><br>Tênis Prada Milano Chunky Sneaker Blogueira modelo feminino sola alta estilo tratorado modelo bloguerinhas<br><br><br>Numeração do 34 ao 39 estilo feminino<br><br><br>Forma: Normal padrão ISO,Vendor Padrão,Vestuário e acessórios > Sapatos,tenis,tenis feminino,Color,Grafite,Size,34,,249.00,,https://www.leveshoes.com.br/wp-content/uploads/2023/04/Tenis-Prada-Milano-Chunky-Sneaker-Blogueira-Branco-568x757.jpeg,TRUE,shopify,100,continue,manual,TRUE,TRUE,FALSE,Tênis Prada Milano Chunky Sneaker Blogueira,Descrição<br><br><br>Tênis Prada Milano Chunky Sneaker Blogueira<br><br><br>Tênis Prada Milano Chunky Sneaker Blogueira<br><br><br>Tênis Prada Milano Chunky Sneaker Blogueira modelo feminino sola alta estilo tratorado modelo bloguerinhas<br><br><br>Numeração do 34 ao 39 estilo feminino<br><br><br>Forma: Normal padrão I,active
Tênis Prada Milano Chunky Sneaker Blogueira,,,,,,,Color,Grafite,Size,35,,249.00,,,TRUE,shopify,100,continue,manual,TRUE,TRUE,,,,active
Tênis Prada Milano Chunky Sneaker Blogueira,,,,,,,Color,Grafite,Size,36,,249.00,,,TRUE,shopify,100,continue,manual,TRUE,TRUE,,,,active
Tênis Prada Milano Chunky Sneaker Blogueira,,,,,,,Color,Grafite,Size,37,,249.00,,,TRUE,shopify,100,continue,manual,TRUE,TRUE,,,,active
Tênis Prada Milano Chunky Sneaker Blogueira,,,,,,,Color,Grafite,Size,38,,249.00,,,TRUE,shopify,100,continue,manual,TRUE,TRUE,,,,active
Tênis Prada Milano Chunky Sneaker Blogueira,,,,,,,Color,Grafite,Size,39,,249.00,,,TRUE,shopify,100,continue,manual,TRUE,TRUE,,,,active
Tênis Prada Milano Chunky Sneaker Blogueira,,,,,,,Color,Nude,Size,34,,249.00,,,TRUE,shopify,100,continue,manual,TRUE,TRUE,,,,active
Tênis Prada Milano Chunky Sneaker Blogueira,,,,,,,Color,Nude,Size,35,,249.00,,,TRUE,shopify,100,continue,manual,TRUE,TRUE,,,,active
Tênis Prada Milano Chunky Sneaker Blogueira,,,,,,,Color,Nude,Size,36,,249.00,,,TRUE,shopify,100,continue,manual,TRUE,TRUE,,,,active
Tênis Prada Milano Chunky Sneaker Blogueira,,,,,,,Color,Nude,Size,37,,249.00,,,TRUE,shopify,100,continue,manual,TRUE,TRUE,,,,active
Tênis Prada Milano Chunky Sneaker Blogueira,,,,,,,Color,Nude,Size,38,,249.00,,,TRUE,shopify,100,continue,manual,TRUE,TRUE,,,,active
Tênis Prada Milano Chunky Sneaker Blogueira,,,,,,,Color,Nude,Size,39,,249.00,,,TRUE,shopify,100,continue,manual,TRUE,TRUE,,,,active
Tênis Prada Milano Chunky Sneaker Blogueira,,,,,,,Color,Branco,Size,34,,249.00,,,TRUE,shopify,100,continue,manual,TRUE,TRUE,,,,active
Tênis Prada Milano Chunky Sneaker Blogueira,,,,,,,Color,Branco,Size,35,,249.00,,,TRUE,shopify,100,continue,manual,TRUE,TRUE,,,,active
Tênis Prada Milano Chunky Sneaker Blogueira,,,,,,,Color,Branco,Size,36,,249.00,,,TRUE,shopify,100,continue,manual,TRUE,TRUE,,,,active
Tênis Prada Milano Chunky Sneaker Blogueira,,,,,,,Color,Branco,Size,37,,249.00,,,TRUE,shopify,100,continue,manual,TRUE,TRUE,,,,active
Tênis Prada Milano Chunky Sneaker Blogueira,,,,,,,Color,Branco,Size,38,,249.00,,,TRUE,shopify,100,continue,manual,TRUE,TRUE,,,,active
Tênis Prada Milano Chunky Sneaker Blogueira,,,,,,,Color,Branco,Size,39,,249.00,,,TRUE,shopify,100,continue,manual,TRUE,TRUE,,,,active
Tênis Prada Milano Chunky Sneaker Blogueira,,,,,,,Color,Marrom,Size,34,,249.00,,,TRUE,shopify,100,continue,manual,TRUE,TRUE,,,,active
Tênis Prada Milano Chunky Sneaker Blogueira,,,,,,,Color,Marrom,Size,35,,249.00,,,TRUE,shopify,100,continue,manual,TRUE,TRUE,,,,active
Tênis Prada Milano Chunky Sneaker Blogueira,,,,,,,Color,Marrom,Size,36,,249.00,,,TRUE,shopify,100,continue,manual,TRUE,TRUE,,,,active
Tênis Prada Milano Chunky Sneaker Blogueira,,,,,,,Color,Marrom,Size,37,,249.00,,,TRUE,shopify,100,continue,manual,TRUE,TRUE,,,,active
Tênis Prada Milano Chunky Sneaker Blogueira,,,,,,,Color,Marrom,Size,38,,249.00,,,TRUE,shopify,100,continue,manual,TRUE,TRUE,,,,active
Tênis Prada Milano Chunky Sneaker Blogueira,,,,,,,Color,Marrom,Size,39,,249.00,,,TRUE,shopify,100,continue,manual,TRUE,TRUE,,,,active
Tênis Prada Milano Chunky Sneaker Blogueira,,,,,,,Color,Preto,Size,34,,249.00,,,TRUE,shopify,100,continue,manual,TRUE,TRUE,,,,active
Tênis Prada Milano Chunky Sneaker Blogueira,,,,,,,Color,Preto,Size,35,,249.00,,,TRUE,shopify,100,continue,manual,TRUE,TRUE,,,,active
Tênis Prada Milano Chunky Sneaker Blogueira,,,,,,,Color,Preto,Size,36,,249.00,,,TRUE,shopify,100,continue,manual,TRUE,TRUE,,,,active
Tênis Prada Milano Chunky Sneaker Blogueira,,,,,,,Color,Preto,Size,37,,249.00,,,TRUE,shopify,100,continue,manual,TRUE,TRUE,,,,active
Tênis Prada Milano Chunky Sneaker Blogueira,,,,,,,Color,Preto,Size,38,,249.00,,,TRUE,shopify,100,continue,manual,TRUE,TRUE,,,,active
Tênis Prada Milano Chunky Sneaker Blogueira,,,,,,,Color,Preto,Size,39,,249.00,,,TRUE,shopify,100,continue,manual,TRUE,TRUE,,,,active
Tênis Prada Milano Chunky Sneaker Blogueira,,,,,,,,,,,,,,https://www.leveshoes.com.br/wp-content/uploads/2023/04/Tenis-Prada-Milano-Chunky-Sneaker-Blogueira-Preto-568x757.jpeg,,,,,,,,,,,
Tênis Prada Milano Chunky Sneaker Blogueira,,,,,,,,,,,,,,https://www.leveshoes.com.br/wp-content/uploads/2023/04/Tenis-Prada-Milano-Chunky-Sneaker-Blogueira-Nude-568x757.jpeg,,,,,,,,,,,
Tênis Prada Milano Chunky Sneaker Blogueira,,,,,,,,,,,,,,https://www.leveshoes.com.br/wp-content/uploads/2023/04/Tenis-Prada-Milano-Chunky-Sneaker-Blogueira-Marrom-568x757.jpeg,,,,,,,,,,,
Tênis Prada Milano Chunky Sneaker Blogueira,,,,,,,,,,,,,,https://www.leveshoes.com.br/wp-content/uploads/2023/04/Tenis-Prada-Milano-Chunky-Sneaker-Blogueira-Grafite-568x757.jpeg,,,,,,,,,,,
